gene_id	gene_symbol	description	scientific_name	common_name	tax_id	genomic_range	orientation	location	gene_type	transcript_accession	transcript_name	transcript_length	transcript_cds_coords	protein_accession	isoform_name	protein_length	protein_name
672	BRCA1	BRCA1 DNA repair associated	Homo sapiens	human	9606	NC_000017.11:43044295-43125364	-	chr 17	PROTEIN_CODING	NR_027676.2	transcript variant 6	7152					
672	BRCA1	BRCA1 DNA repair associated	Homo sapiens	human	9606	NC_000017.11:43044295-43125364	-	chr 17	PROTEIN_CODING	NM_007297.4	transcript variant 3	7028	NM_007297.4:195-5645	NP_009228.2	isoform 3	1816	breast cancer type 1 susceptibility protein
672	BRCA1	BRCA1 DNA repair associated	Homo sapiens	human	9606	NC_000017.11:43044295-43125364	-	chr 17	PROTEIN_CODING	NM_007299.4	transcript variant 5	3696	NM_007299.4:108-2207	NP_009230.2	isoform 5	699	breast cancer type 1 susceptibility protein
672	BRCA1	BRCA1 DNA repair associated	Homo sapiens	human	9606	NC_000017.11:43044295-43125364	-	chr 17	PROTEIN_CODING	NM_007294.4	transcript variant 1	7088	NM_007294.4:114-5705	NP_009225.1	isoform 1	1863	breast cancer type 1 susceptibility protein
672	BRCA1	BRCA1 DNA repair associated	Homo sapiens	human	9606	NC_000017.11:43044295-43125364	-	chr 17	PROTEIN_CODING	NM_007300.4	transcript variant 2	7151	NM_007300.4:114-5768	NP_009231.2	isoform 2	1884	breast cancer type 1 susceptibility protein
672	BRCA1	BRCA1 DNA repair associated	Homo sapiens	human	9606	NC_000017.11:43044295-43125364	-	chr 17	PROTEIN_CODING	NM_007298.3	transcript variant 4	3699	NM_007298.3:20-2299	NP_009229.2	isoform 4	759	breast cancer type 1 susceptibility protein
